m_H^v,m_A^v,m_L^v,share_H,share_L,share_A,mean_c_T,mean_v_T,mean_cumulative_u,regime,seconds
0.0,0.0,0.0,0.98392,0.0,0.01608,0.9999999999739437,9.86019970420207e-12,632.9420331618459,mostly H,8.186394125
0.0,0.05,0.0,0.98208,0.0,0.01792,0.9999999999728908,1.0659960399462619e-11,632.9733845761552,mostly H,8.2107355
0.0,0.1,0.0,0.98041,0.0,0.01959,0.9999999999718568,1.1647724651431289e-11,632.9987823175053,mostly H,8.161428958
0.0,0.15,0.0,0.97824,0.0,0.02176,0.9999999999704441,1.2926749574331599e-11,633.0316692211829,mostly H,8.242350333000001
0.0,0.2,0.0,0.97505,0.0,0.02495,0.999999999968258,1.4743869923497316e-11,633.0776708181311,mostly H,8.430874416
0.0,0.25,0.0,0.97099,0.0,0.02901,0.9999999999652448,1.733446601238616e-11,633.1406179894515,mostly H,8.591551167
0.0,0.3,0.0,0.9651,0.0,0.0349,0.9999999999602666,2.154470677804453e-11,633.2055000116812,mostly H,8.542130041000002
0.0,0.35,0.0,0.95454,0.0,0.04546,0.9999999999493251,3.0454886820231454e-11,633.3161970710353,mostly H,8.572288958000001
0.0,0.4,0.0,0.0,0.0,1.0,0.44999999999718276,0.39999999999859137,635.0106888025264,mostly A,8.815777999999998
0.0,0.45,0.0,0.0,0.0,1.0,0.44999999999718276,0.44999999999718276,644.953183708215,mostly A,8.998314042
0.0,0.5,0.0,0.0,0.0,1.0,0.44999999999718276,0.49999999999577405,654.8956786139033,mostly A,8.941957457999997
0.0,0.55,0.0,0.0,0.0,1.0,0.44999999999718276,0.5499999999943653,664.8381735195923,mostly A,9.001226375000002
0.0,0.6,0.0,0.0,0.0,1.0,0.44999999999718276,0.5999999999929573,674.7806684252805,mostly A,9.013368707999998
0.0,0.65,0.0,0.0,0.0,1.0,0.44999999999718276,0.6499999999915486,684.7231633309689,mostly A,9.107653083000002
0.0,0.7,0.0,0.0,0.0,1.0,0.44999999999718276,0.6999999999901398,694.6656582366575,mostly A,9.138226207999995
0.0,0.75,0.0,0.0,0.0,1.0,0.44999999999718276,0.7499999999887313,704.6081531423458,mostly A,9.154436082999997
0.0,0.8,0.0,0.0,0.0,1.0,0.44999999999718276,0.7999999999873226,714.5506480480343,mostly A,9.320039291
0.0,0.85,0.0,0.0,0.0,1.0,0.44999999999718276,0.8499999999859139,724.493142953723,mostly A,9.443735791999998
0.0,0.9,0.0,0.0,0.0,1.0,0.44999999999718276,0.8999999999845052,734.4356378594115,mostly A,9.501101624999997
0.0,0.95,0.0,0.0,0.0,1.0,0.44999999999718276,0.9499999999830966,744.3781327651,mostly A,9.519345459
0.0,1.0,0.0,0.0,0.0,1.0,0.44999999999718276,0.9999999999816879,754.3206276707882,mostly A,9.223493249999997
0.1,0.0,0.0,0.98383,0.0,0.01617,0.9999999999738587,0.10000000000561947,632.9494583094528,mostly H,8.872999
0.1,0.05,0.0,0.98235,0.0,0.01765,0.9999999999730107,0.10000000000625416,632.9778940256826,mostly H,8.906886
0.1,0.1,0.0,0.98032,0.0,0.01968,0.9999999999717608,0.10000000000704304,633.0069570776277,mostly H,8.908823041000005
0.1,0.15,0.0,0.97807,0.0,0.02193,0.9999999999703096,0.10000000000807738,633.0411859244131,mostly H,8.857846125000002
0.1,0.2,0.0,0.97512,0.0,0.02488,0.9999999999682722,0.10000000000948228,633.089677047051,mostly H,8.983568040999998
0.1,0.25,0.0,0.97083,0.0,0.02917,0.9999999999650611,0.10000000001157767,633.1471179224407,mostly H,8.997944875000002
0.1,0.3,0.0,0.9652,0.0,0.0348,0.9999999999603223,0.10000000001481248,633.2123132074688,mostly H,9.037157416999996
0.1,0.35,0.0,0.95469,0.0,0.04531,0.9999999999493965,0.10000000002172106,633.3232188436453,mostly H,9.151983834
0.1,0.4,0.0,0.92004,0.0,0.07996,0.99999999988597,0.10000000005925289,633.46243291947,mostly H,9.311530583000007
0.1,0.45,0.0,0.0,0.0,1.0,0.44999999999718276,0.44999999999718276,644.953183708215,mostly A,9.798724
0.1,0.5,0.0,0.0,0.0,1.0,0.44999999999718276,0.49999999999577405,654.8956786139033,mostly A,9.939939749999994
0.1,0.55,0.0,0.0,0.0,1.0,0.44999999999718276,0.5499999999943653,664.8381735195923,mostly A,9.988752542
0.1,0.6,0.0,0.0,0.0,1.0,0.44999999999718276,0.5999999999929573,674.7806684252805,mostly A,10.048126374999995
0.1,0.65,0.0,0.0,0.0,1.0,0.44999999999718276,0.6499999999915486,684.7231633309689,mostly A,9.973007374999995
0.1,0.7,0.0,0.0,0.0,1.0,0.44999999999718276,0.6999999999901398,694.6656582366575,mostly A,9.944938167000004
0.1,0.75,0.0,0.0,0.0,1.0,0.44999999999718276,0.7499999999887313,704.6081531423458,mostly A,9.624938916000005
0.1,0.8,0.0,0.0,0.0,1.0,0.44999999999718276,0.7999999999873226,714.5506480480343,mostly A,9.727042957999998
0.1,0.85,0.0,0.0,0.0,1.0,0.44999999999718276,0.8499999999859139,724.493142953723,mostly A,9.815233875000004
0.1,0.9,0.0,0.0,0.0,1.0,0.44999999999718276,0.8999999999845052,734.4356378594115,mostly A,9.865352915999992
0.1,0.95,0.0,0.0,0.0,1.0,0.44999999999718276,0.9499999999830966,744.3781327651,mostly A,10.209822915999993
0.1,1.0,0.0,0.0,0.0,1.0,0.44999999999718276,0.9999999999816879,754.3206276707882,mostly A,10.280422125000001
0.2,0.0,0.0,0.98375,0.0,0.01625,0.9999999999737903,0.2000000000013539,632.9582850307947,mostly H,9.865701790999992
0.2,0.05,0.0,0.98217,0.0,0.01783,0.9999999999728543,0.20000000000181659,632.9856837310239,mostly H,9.87607754199999
0.2,0.1,0.0,0.98026,0.0,0.01974,0.9999999999716731,0.20000000000240487,633.0178736848835,mostly H,9.469244083000007
0.2,0.15,0.0,0.97792,0.0,0.02208,0.9999999999701707,0.2000000000031788,633.0510111220076,mostly H,9.504055584
0.2,0.2,0.0,0.975,0.0,0.025,0.9999999999681484,0.20000000000422588,633.0998720361675,mostly H,9.538182500000005
0.2,0.25,0.0,0.97079,0.0,0.02921,0.9999999999649803,0.2000000000057447,633.1577569951596,mostly H,9.512306707999997
0.2,0.3,0.0,0.96518,0.0,0.03482,0.9999999999602095,0.2000000000081311,633.2272597483699,mostly H,9.178455166000006
0.2,0.35,0.0,0.95525,0.0,0.04475,0.9999999999499788,0.20000000001287385,633.3324732433774,mostly H,9.391822125000004
0.2,0.4,0.0,0.92794,0.0,0.07206,0.9999999999043281,0.20000000003235674,633.516352109333,mostly H,9.438616499999995
0.2,0.45,0.0,0.0,0.0,1.0,0.44999999999718276,0.44999999999718276,644.953183708215,mostly A,9.950634417000003
0.2,0.5,0.0,0.0,0.0,1.0,0.44999999999718276,0.49999999999577405,654.8956786139033,mostly A,9.843949875000007
0.2,0.55,0.0,0.0,0.0,1.0,0.44999999999718276,0.5499999999943653,664.8381735195923,mostly A,9.941913959000004
0.2,0.6,0.0,0.0,0.0,1.0,0.44999999999718276,0.5999999999929573,674.7806684252805,mostly A,9.957959292000012
0.2,0.65,0.0,0.0,0.0,1.0,0.44999999999718276,0.6499999999915486,684.7231633309689,mostly A,9.971850041999986
0.2,0.7,0.0,0.0,0.0,1.0,0.44999999999718276,0.6999999999901398,694.6656582366575,mostly A,10.0451755
0.2,0.75,0.0,0.0,0.0,1.0,0.44999999999718276,0.7499999999887313,704.6081531423458,mostly A,10.123408957999999
0.2,0.8,0.0,0.0,0.0,1.0,0.44999999999718276,0.7999999999873226,714.5506480480343,mostly A,10.098332583000001
0.2,0.85,0.0,0.0,0.0,1.0,0.44999999999718276,0.8499999999859139,724.493142953723,mostly A,10.162834458999981
0.2,0.9,0.0,0.0,0.0,1.0,0.44999999999718276,0.8999999999845052,734.4356378594115,mostly A,9.766582874999983
0.2,0.95,0.0,0.0,0.0,1.0,0.44999999999718276,0.9499999999830966,744.3781327651,mostly A,9.853637915999997
0.2,1.0,0.0,0.0,0.0,1.0,0.44999999999718276,0.9999999999816879,754.3206276707882,mostly A,9.936951332999996
0.3,0.0,0.0,0.98357,0.0,0.01643,0.9999999999736348,0.29999999999701576,632.9682687142828,mostly H,9.454259124999993
0.3,0.05,0.0,0.98216,0.0,0.01784,0.9999999999727998,0.29999999999736837,632.9950766232196,mostly H,9.316417875000013
0.3,0.1,0.0,0.98009,0.0,0.01991,0.9999999999715048,0.29999999999770566,633.0278672070399,mostly H,12.031356749999986
0.3,0.15,0.0,0.97783,0.0,0.02217,0.9999999999700371,0.299999999998231,633.0610686783599,mostly H,12.525243958999994
0.3,0.2,0.0,0.97523,0.0,0.02477,0.9999999999682108,0.29999999999895816,633.1133456625886,mostly H,12.649033000000003
0.3,0.25,0.0,0.97059,0.0,0.02941,0.9999999999647686,0.2999999999998705,633.1676968807906,mostly H,13.517892666999984
0.3,0.3,0.0,0.9653,0.0,0.0347,0.9999999999602626,0.30000000000140853,633.2401708469683,mostly H,10.984495583000012
0.3,0.35,0.0,0.95514,0.0,0.04486,0.9999999999496865,0.30000000000431787,633.3434028417608,mostly H,10.551938500000006
0.3,0.4,0.0,0.92967,0.0,0.07033,0.9999999999080247,0.300000000014802,633.5352804758448,mostly H,10.488591541999995
0.3,0.45,0.0,0.0,0.0,1.0,0.44999999999718276,0.44999999999718276,644.953183708215,mostly A,9.94572012499998
0.3,0.5,0.0,0.0,0.0,1.0,0.44999999999718276,0.49999999999577405,654.8956786139033,mostly A,10.184844666000004
0.3,0.55,0.0,0.0,0.0,1.0,0.44999999999718276,0.5499999999943653,664.8381735195923,mostly A,10.27733225
0.3,0.6,0.0,0.0,0.0,1.0,0.44999999999718276,0.5999999999929573,674.7806684252805,mostly A,10.281937499999998
0.3,0.65,0.0,0.0,0.0,1.0,0.44999999999718276,0.6499999999915486,684.7231633309689,mostly A,10.102955792000017
0.3,0.7,0.0,0.0,0.0,1.0,0.44999999999718276,0.6999999999901398,694.6656582366575,mostly A,10.10272816699998
0.3,0.75,0.0,0.0,0.0,1.0,0.44999999999718276,0.7499999999887313,704.6081531423458,mostly A,10.269308999999993
0.3,0.8,0.0,0.0,0.0,1.0,0.44999999999718276,0.7999999999873226,714.5506480480343,mostly A,10.290033082999997
0.3,0.85,0.0,0.0,0.0,1.0,0.44999999999718276,0.8499999999859139,724.493142953723,mostly A,10.285696082999976
0.3,0.9,0.0,0.0,0.0,1.0,0.44999999999718276,0.8999999999845052,734.4356378594115,mostly A,10.433545791
0.3,0.95,0.0,0.0,0.0,1.0,0.44999999999718276,0.9499999999830966,744.3781327651,mostly A,10.314836917000008
0.3,1.0,0.0,0.0,0.0,1.0,0.44999999999718276,0.9999999999816879,754.3206276707882,mostly A,10.349018458000018
0.4,0.0,0.0,0.98356,0.0,0.01644,0.9999999999735957,0.3999999999927058,632.9796893106793,mostly H,9.933438332999998
0.4,0.05,0.0,0.98194,0.0,0.01806,0.9999999999726077,0.399999999992813,633.0051266248291,mostly H,10.034189459000004
0.4,0.1,0.0,0.98015,0.0,0.01985,0.9999999999714901,0.3999999999930289,633.0400311548833,mostly H,10.08772325000001
0.4,0.15,0.0,0.97741,0.0,0.02259,0.9999999999696486,0.3999999999931188,633.0730750635053,mostly H,9.988988000000006
0.4,0.2,0.0,0.9749,0.0,0.0251,0.9999999999679074,0.39999999999358027,633.1254887683585,mostly H,9.853358958000001
0.4,0.25,0.0,0.97061,0.0,0.02939,0.9999999999646887,0.39999999999395525,633.1785319856676,mostly H,10.047428749999995
0.4,0.3,0.0,0.96507,0.0,0.03493,0.9999999999599446,0.399999999994638,633.2528679997263,mostly H,10.133698124999995
0.4,0.35,0.0,0.95491,0.0,0.04509,0.9999999999492865,0.3999999999956458,633.3606808561165,mostly H,10.109571958000004
0.4,0.4,0.0,0.93085,0.0,0.06915,0.9999999999104111,0.39999999999859137,633.5530329982174,mostly H,10.581778583000016
0.4,0.45,0.0,0.0,0.0,1.0,0.44999999999718276,0.44999999999718276,644.953183708215,mostly A,11.30498483400001
0.4,0.5,0.0,0.0,0.0,1.0,0.44999999999718276,0.49999999999577405,654.8956786139033,mostly A,11.324809041999998
0.4,0.55,0.0,0.0,0.0,1.0,0.44999999999718276,0.5499999999943653,664.8381735195923,mostly A,11.420651667000016
0.4,0.6,0.0,0.0,0.0,1.0,0.44999999999718276,0.5999999999929573,674.7806684252805,mostly A,10.615177749999987
0.4,0.65,0.0,0.0,0.0,1.0,0.44999999999718276,0.6499999999915486,684.7231633309689,mostly A,10.877535000000023
0.4,0.7,0.0,0.0,0.0,1.0,0.44999999999718276,0.6999999999901398,694.6656582366575,mostly A,10.93440233299998
0.4,0.75,0.0,0.0,0.0,1.0,0.44999999999718276,0.7499999999887313,704.6081531423458,mostly A,10.97192612500001
0.4,0.8,0.0,0.0,0.0,1.0,0.44999999999718276,0.7999999999873226,714.5506480480343,mostly A,11.428541042000006
0.4,0.85,0.0,0.0,0.0,1.0,0.44999999999718276,0.8499999999859139,724.493142953723,mostly A,11.573330583000029
0.4,0.9,0.0,0.0,0.0,1.0,0.44999999999718276,0.8999999999845052,734.4356378594115,mostly A,11.643214209000007
0.4,0.95,0.0,0.0,0.0,1.0,0.44999999999718276,0.9499999999830966,744.3781327651,mostly A,11.691763333000011
0.4,1.0,0.0,0.0,0.0,1.0,0.44999999999718276,0.9999999999816879,754.3206276707882,mostly A,11.142468791999988
0.5,0.0,0.0,0.98348,0.0,0.01652,0.9999999999734779,0.4999999999883103,632.9923206162842,mostly H,10.924570291999999
0.5,0.05,0.0,0.98196,0.0,0.01804,0.9999999999725708,0.49999999998831446,633.0194183548319,mostly H,11.082793707999997
0.5,0.1,0.0,0.97997,0.0,0.02003,0.9999999999712879,0.49999999998821026,633.0512224193913,mostly H,11.292065666999974
0.5,0.15,0.0,0.9773,0.0,0.0227,0.9999999999695167,0.4999999999880288,633.0883265121606,mostly H,11.29490045800003
0.5,0.2,0.0,0.9748,0.0,0.0252,0.9999999999677277,0.4999999999881596,633.1407791615588,mostly H,11.127081874999988
0.5,0.25,0.0,0.97024,0.0,0.02976,0.9999999999641749,0.4999999999878137,633.1960545884432,mostly H,11.06982845799996
0.5,0.3,0.0,0.96473,0.0,0.03527,0.999999999959489,0.49999999998770184,633.2706541868616,mostly H,10.859456749999993
0.5,0.35,0.0,0.95414,0.0,0.04586,0.9999999999481782,0.49999999998663514,633.3755929890892,mostly H,10.488558667000007
0.5,0.4,0.0,0.93098,0.0,0.06902,0.9999999999101341,0.49999999998276434,633.577734145747,mostly H,10.533305499999983
0.5,0.45,0.0,0.0,0.0,1.0,0.44999999999718276,0.44999999999718276,644.953183708215,mostly A,11.12153762500003
0.5,0.5,0.0,0.0,0.0,1.0,0.44999999999718276,0.49999999999577405,654.8956786139033,mostly A,11.075099334000015
0.5,0.55,0.0,0.0,0.0,1.0,0.44999999999718276,0.5499999999943653,664.8381735195923,mostly A,10.922001333000026
0.5,0.6,0.0,0.0,0.0,1.0,0.44999999999718276,0.5999999999929573,674.7806684252805,mostly A,11.115416333000042
0.5,0.65,0.0,0.0,0.0,1.0,0.44999999999718276,0.6499999999915486,684.7231633309689,mostly A,11.131459584000027
0.5,0.7,0.0,0.0,0.0,1.0,0.44999999999718276,0.6999999999901398,694.6656582366575,mostly A,11.173361624999984
0.5,0.75,0.0,0.0,0.0,1.0,0.44999999999718276,0.7499999999887313,704.6081531423458,mostly A,10.971633957999984
0.5,0.8,0.0,0.0,0.0,1.0,0.44999999999718276,0.7999999999873226,714.5506480480343,mostly A,11.065049375000001
0.5,0.85,0.0,0.0,0.0,1.0,0.44999999999718276,0.8499999999859139,724.493142953723,mostly A,11.156000750000032
0.5,0.9,0.0,0.0,0.0,1.0,0.44999999999718276,0.8999999999845052,734.4356378594115,mostly A,11.105948458
0.5,0.95,0.0,0.0,0.0,1.0,0.44999999999718276,0.9499999999830966,744.3781327651,mostly A,11.094362708000006
0.5,1.0,0.0,0.0,0.0,1.0,0.44999999999718276,0.9999999999816879,754.3206276707882,mostly A,11.188291959000026
0.6,0.0,0.0,0.98357,0.0,0.01643,0.9999999999734187,0.5999999999839356,633.0068756401024,mostly H,10.765906874999985
0.6,0.05,0.0,0.98166,0.0,0.01834,0.9999999999722555,0.5999999999835243,633.0350785444604,mostly H,10.761436542000013
0.6,0.1,0.0,0.97988,0.0,0.02012,0.9999999999711396,0.5999999999833674,633.0661088063918,mostly H,10.45405845800002
0.6,0.15,0.0,0.97711,0.0,0.02289,0.9999999999692322,0.5999999999827658,633.1061743903159,mostly H,10.591262416999996
0.6,0.2,0.0,0.97451,0.0,0.02549,0.9999999999673895,0.599999999982558,633.1585032869897,mostly H,10.686230749999993
0.6,0.25,0.0,0.97021,0.0,0.02979,0.999999999964041,0.5999999999817269,633.2142693644306,mostly H,10.617018499999972
0.6,0.3,0.0,0.96462,0.0,0.03538,0.9999999999591529,0.5999999999806651,633.2953182834941,mostly H,10.520843832999958
0.6,0.35,0.0,0.95332,0.0,0.04668,0.999999999946579,0.5999999999769983,633.4001931368084,mostly H,10.80184404199997
0.6,0.4,0.0,0.93025,0.0,0.06975,0.999999999907728,0.5999999999660625,633.5929374679762,mostly H,10.829396374999988
0.6,0.45,0.0,0.0,0.0,1.0,0.44999999999718276,0.44999999999718276,644.953183708215,mostly A,11.316768958000011
0.6,0.5,0.0,0.0,0.0,1.0,0.44999999999718276,0.49999999999577405,654.8956786139033,mostly A,11.307271125
0.6,0.55,0.0,0.0,0.0,1.0,0.44999999999718276,0.5499999999943653,664.8381735195923,mostly A,11.52419445800001
0.6,0.6,0.0,0.0,0.0,1.0,0.44999999999718276,0.5999999999929573,674.7806684252805,mostly A,11.763497083000004
0.6,0.65,0.0,0.0,0.0,1.0,0.44999999999718276,0.6499999999915486,684.7231633309689,mostly A,11.727813916999992
0.6,0.7,0.0,0.0,0.0,1.0,0.44999999999718276,0.6999999999901398,694.6656582366575,mostly A,11.562926583999968
0.6,0.75,0.0,0.0,0.0,1.0,0.44999999999718276,0.7499999999887313,704.6081531423458,mostly A,11.552908082999977
0.6,0.8,0.0,0.0,0.0,1.0,0.44999999999718276,0.7999999999873226,714.5506480480343,mostly A,11.411084667000011
0.6,0.85,0.0,0.0,0.0,1.0,0.44999999999718276,0.8499999999859139,724.493142953723,mostly A,11.44269912499999
0.6,0.9,0.0,0.0,0.0,1.0,0.44999999999718276,0.8999999999845052,734.4356378594115,mostly A,11.380696750000027
0.6,0.95,0.0,0.0,0.0,1.0,0.44999999999718276,0.9499999999830966,744.3781327651,mostly A,12.102438791999987
0.6,1.0,0.0,0.0,0.0,1.0,0.44999999999718276,0.9999999999816879,754.3206276707882,mostly A,12.246195083000032
0.7,0.0,0.0,0.98334,0.0,0.01666,0.9999999999731692,0.6999999999792973,633.0270119375225,mostly H,11.613487250000048
0.7,0.05,0.0,0.98175,0.0,0.01825,0.9999999999721864,0.6999999999789104,633.0546405285943,mostly H,11.538687083000013
0.7,0.1,0.0,0.97969,0.0,0.02031,0.9999999999708554,0.6999999999783222,633.0865617567856,mostly H,11.273054916999968
0.7,0.15,0.0,0.97729,0.0,0.02271,0.9999999999691996,0.6999999999776512,633.1251919089186,mostly H,11.220915999999988
0.7,0.2,0.0,0.97417,0.0,0.02583,0.9999999999668907,0.6999999999766877,633.1810543623876,mostly H,11.228901750000034
0.7,0.25,0.0,0.97055,0.0,0.02945,0.9999999999639886,0.6999999999756583,633.2408923745226,mostly H,11.373106750000034
0.7,0.3,0.0,0.96398,0.0,0.03602,0.9999999999581106,0.6999999999729924,633.3267580195161,mostly H,11.896662375000005
0.7,0.35,0.0,0.95259,0.0,0.04741,0.9999999999450864,0.6999999999668476,633.434273093792,mostly H,11.917663667
0.7,0.4,0.0,0.92868,0.0,0.07132,0.9999999999018532,0.6999999999465935,633.6308327544435,mostly H,11.958514374999993
0.7,0.45,0.0,0.0,0.0,1.0,0.44999999999718276,0.44999999999718276,644.953183708215,mostly A,12.662393874999964
0.7,0.5,0.0,0.0,0.0,1.0,0.44999999999718276,0.49999999999577405,654.8956786139033,mostly A,12.488292749999971
0.7,0.55,0.0,0.0,0.0,1.0,0.44999999999718276,0.5499999999943653,664.8381735195923,mostly A,12.492244374999984
0.7,0.6,0.0,0.0,0.0,1.0,0.44999999999718276,0.5999999999929573,674.7806684252805,mostly A,12.485681916000033
0.7,0.65,0.0,0.0,0.0,1.0,0.44999999999718276,0.6499999999915486,684.7231633309689,mostly A,11.331583582999997
0.7,0.7,0.0,0.0,0.0,1.0,0.44999999999718276,0.6999999999901398,694.6656582366575,mostly A,11.318722832999981
0.7,0.75,0.0,0.0,0.0,1.0,0.44999999999718276,0.7499999999887313,704.6081531423458,mostly A,11.37442708399999
0.7,0.8,0.0,0.0,0.0,1.0,0.44999999999718276,0.7999999999873226,714.5506480480343,mostly A,11.388570665999964
0.7,0.85,0.0,0.0,0.0,1.0,0.44999999999718276,0.8499999999859139,724.493142953723,mostly A,11.210149333000004
0.7,0.9,0.0,0.0,0.0,1.0,0.44999999999718276,0.8999999999845052,734.4356378594115,mostly A,11.378506166000022
0.7,0.95,0.0,0.0,0.0,1.0,0.44999999999718276,0.9499999999830966,744.3781327651,mostly A,11.440452083999958
0.7,1.0,0.0,0.0,0.0,1.0,0.44999999999718276,0.9999999999816879,754.3206276707882,mostly A,11.380618334000019
0.8,0.0,0.0,0.94801,0.0,0.05199,0.9976790946096367,0.7966241376279751,633.7129444174245,mostly H,10.709557040999982
0.8,0.05,0.0,0.94435,0.0,0.05565,0.9972812766910464,0.7962926500455383,633.786094196259,mostly H,10.89570974999998
0.8,0.1,0.0,0.93973,0.0,0.06027,0.9967038345637164,0.7958048803644493,633.8786278279953,mostly H,10.956399458000021
0.8,0.15,0.0,0.93382,0.0,0.06618,0.9960610879719158,0.7953449221575913,633.9805075668027,mostly H,10.938020709
0.8,0.2,0.0,0.92678,0.0,0.07322,0.9951468526483054,0.7947056574418144,634.1193625127644,mostly H,10.699706000000049
0.8,0.25,0.0,0.91764,0.0,0.08236,0.9937855503804072,0.7937855503860415,634.2883267900523,mostly H,10.984483000000012
0.8,0.3,0.0,0.9055,0.0,0.0945,0.991837429087907,0.792579480992976,634.4998939701569,mostly H,10.959603375000029
0.8,0.35,0.0,0.88717,0.0,0.11283,0.9883875646005261,0.7904989164936446,634.7880283548134,mostly H,10.968644749999953
0.8,0.4,0.0,0.8539,0.0,0.1461,0.981972236452565,0.7868888992388695,635.2471648234648,mostly H,10.75245058300004
0.8,0.45,0.0,0.0,0.0,1.0,0.44999999999718276,0.44999999999718276,644.953183708215,mostly A,11.358385166000005
0.8,0.5,0.0,0.0,0.0,1.0,0.44999999999718276,0.49999999999577405,654.8956786139033,mostly A,11.330648666000002
0.8,0.55,0.0,0.0,0.0,1.0,0.44999999999718276,0.5499999999943653,664.8381735195923,mostly A,11.381787667000026
0.8,0.6,0.0,0.0,0.0,1.0,0.44999999999718276,0.5999999999929573,674.7806684252805,mostly A,11.161892875000035
0.8,0.65,0.0,0.0,0.0,1.0,0.44999999999718276,0.6499999999915486,684.7231633309689,mostly A,11.276892583000006
0.8,0.7,0.0,0.0,0.0,1.0,0.44999999999718276,0.6999999999901398,694.6656582366575,mostly A,11.258244791000038
0.8,0.75,0.0,0.0,0.0,1.0,0.44999999999718276,0.7499999999887313,704.6081531423458,mostly A,11.249667041999999
0.8,0.8,0.0,0.0,0.0,1.0,0.44999999999718276,0.7999999999873226,714.5506480480343,mostly A,10.989193209000007
0.8,0.85,0.0,0.0,0.0,1.0,0.44999999999718276,0.8499999999859139,724.493142953723,mostly A,11.320037124999999
0.8,0.9,0.0,0.0,0.0,1.0,0.44999999999718276,0.8999999999845052,734.4356378594115,mostly A,11.300363291999986
0.8,0.95,0.0,0.0,0.0,1.0,0.44999999999718276,0.9499999999830966,744.3781327651,mostly A,11.38028054099999
0.8,1.0,0.0,0.0,0.0,1.0,0.44999999999718276,0.9999999999816879,754.3206276707882,mostly A,11.149085333000016
0.9,0.0,0.0,0.90172,0.0,0.09828,0.9885987507315684,0.8813434103024913,636.4486110326638,mostly H,10.751124624999989
0.9,0.05,0.0,0.89511,0.0,0.10489,0.9868882652661778,0.8797364099696258,636.6970582982328,mostly H,10.770927749999998
0.9,0.1,0.0,0.88753,0.0,0.11247,0.9845602123247099,0.8775421270289004,636.9798039828718,mostly H,10.798868459000005
0.9,0.15,0.0,0.87855,0.0,0.12145,0.9820880220882429,0.8755745755843526,637.3037689267311,mostly H,10.59494295899998
0.9,0.2,0.0,0.86768,0.0,0.13232,0.9784169051841755,0.872530606605853,637.6965626510739,mostly H,10.970841874999962
0.9,0.25,0.0,0.85486,0.0,0.14514,0.9733610674166797,0.86851762513495,638.1794935830831,mostly H,10.970593750000035
0.9,0.3,0.0,0.83832,0.0,0.16168,0.9666244933270491,0.8635903563612627,638.7604012263504,mostly H,10.986881583999946
0.9,0.35,0.0,0.8162,0.0,0.1838,0.9558143155148418,0.8558143155176591,639.5228188426815,mostly H,10.836679875000073
0.9,0.4,0.0,0.78473,0.0,0.21527,0.9338977208856706,0.8399070189881257,640.6262315117776,mixed H/A,10.964437167000028
0.9,0.45,0.0,0.72981,0.0,0.27019,0.8850932251364045,0.8059853660201823,642.494493379568,mixed H/A,11.008802875000015
0.9,0.5,0.0,0.0,0.0,1.0,0.44999999999718276,0.49999999999577405,654.8956786139033,mostly A,11.4434940000001
0.9,0.55,0.0,0.0,0.0,1.0,0.44999999999718276,0.5499999999943653,664.8381735195923,mostly A,11.287959708000017
0.9,0.6,0.0,0.0,0.0,1.0,0.44999999999718276,0.5999999999929573,674.7806684252805,mostly A,11.88655883399997
0.9,0.65,0.0,0.0,0.0,1.0,0.44999999999718276,0.6499999999915486,684.7231633309689,mostly A,12.040273542000023
0.9,0.7,0.0,0.0,0.0,1.0,0.44999999999718276,0.6999999999901398,694.6656582366575,mostly A,12.081096916999968
0.9,0.75,0.0,0.0,0.0,1.0,0.44999999999718276,0.7499999999887313,704.6081531423458,mostly A,11.824116582999977
0.9,0.8,0.0,0.0,0.0,1.0,0.44999999999718276,0.7999999999873226,714.5506480480343,mostly A,11.571789249999938
0.9,0.85,0.0,0.0,0.0,1.0,0.44999999999718276,0.8499999999859139,724.493142953723,mostly A,11.55460795800002
0.9,0.9,0.0,0.0,0.0,1.0,0.44999999999718276,0.8999999999845052,734.4356378594115,mostly A,11.599092458000086
0.9,0.95,0.0,0.0,0.0,1.0,0.44999999999718276,0.9499999999830966,744.3781327651,mostly A,11.401035874999934
0.9,1.0,0.0,0.0,0.0,1.0,0.44999999999718276,0.9999999999816879,754.3206276707882,mostly A,11.65017750000004
1.0,0.0,0.0,0.86542,0.0,0.13458,0.9773660921638665,0.9588474403129217,640.575501035283,mostly H,11.205179583000017
1.0,0.05,0.0,0.85693,0.0,0.14307,0.9740634457255236,0.9552004971755856,641.0360361329579,mostly H,11.217440583000098
1.0,0.1,0.0,0.84765,0.0,0.15235,0.9701360603809444,0.9511317351804708,641.5579041071811,mostly H,11.215692791000038
1.0,0.15,0.0,0.83758,0.0,0.16242,0.9659169636580096,0.947326216572367,642.12932319733,mostly H,11.357333999999923
1.0,0.2,0.0,0.82552,0.0,0.17448,0.9600773793428039,0.9419307335978567,642.8104188938476,mostly H,11.375242666999952
1.0,0.25,0.0,0.81146,0.0,0.18854,0.952983412009642,0.9358864709288975,643.5874493569318,mostly H,11.393109334000087
1.0,0.3,0.0,0.79412,0.0,0.20588,0.9411815313607031,0.9251401308277073,644.5643629496906,mixed H/A,11.07460387499998
1.0,0.35,0.0,0.77325,0.0,0.22675,0.9257559514731842,0.9122570335625473,645.7481251323173,mixed H/A,11.250938915999996
1.0,0.4,0.0,0.74521,0.0,0.25479,0.8955803553859982,0.8860876604227539,647.3833611746023,mixed H/A,11.392012875000091
1.0,0.45,0.0,0.70498,0.0,0.29502,0.8541205000448795,0.8541205000448795,649.4574990643591,mixed H/A,11.464701249999962
1.0,0.5,0.0,0.63954,0.0,0.36046,0.7975266617587906,0.815933328869963,652.1847797742976,mixed H/A,11.411825416000056
1.0,0.55,0.0,0.0,0.0,1.0,0.44999999999718276,0.5499999999943653,664.8381735195923,mostly A,11.965228165999974
1.0,0.6,0.0,0.0,0.0,1.0,0.44999999999718276,0.5999999999929573,674.7806684252805,mostly A,11.947684333000097
1.0,0.65,0.0,0.0,0.0,1.0,0.44999999999718276,0.6499999999915486,684.7231633309689,mostly A,11.94204645800005
1.0,0.7,0.0,0.0,0.0,1.0,0.44999999999718276,0.6999999999901398,694.6656582366575,mostly A,11.558991041000013
1.0,0.75,0.0,0.0,0.0,1.0,0.44999999999718276,0.7499999999887313,704.6081531423458,mostly A,11.705794374999982
1.0,0.8,0.0,0.0,0.0,1.0,0.44999999999718276,0.7999999999873226,714.5506480480343,mostly A,11.705007292000005
1.0,0.85,0.0,0.0,0.0,1.0,0.44999999999718276,0.8499999999859139,724.493142953723,mostly A,11.716941540999983
1.0,0.9,0.0,0.0,0.0,1.0,0.44999999999718276,0.8999999999845052,734.4356378594115,mostly A,11.416614499999923
1.0,0.95,0.0,0.0,0.0,1.0,0.44999999999718276,0.9499999999830966,744.3781327651,mostly A,9.18498954200004
1.0,1.0,0.0,0.0,0.0,1.0,0.44999999999718276,0.9999999999816879,754.3206276707882,mostly A,8.637716957999942
